Source,Original Review Content,Cleaned Content,Sentiment,Friction Barrier Tag,Extracted Unmet Need,AI Summary
Glassdoor,"Operations are fast, but catalog layout makes new category cross-selling hard to scale due to rigid tag management.","Operations are fast, but catalog layout makes new category cross-selling hard to scale due to rigid tag management.",NEUTRAL,HIDDEN_IN_UI,,Customer finds operations fast but has difficulty with catalog layout and category cross-selling due to rigid tag management.
GMB,Dark store local stock for premium baby wipes is always low. I had to buy from another platform.,Dark store local stock for premium baby wipes is always low. I had to buy from another platform.,NEGATIVE,LIMITED_STOCK,premium baby wipes,Customer faced low stock issue for premium baby wipes on Zepto App and had to buy from another platform.
google_play,nice service and price,nice service and price,POSITIVE,,,Customer appreciated the service and price of Zepto
google_play,thank you🥰,thank you🥰,POSITIVE,,,Customer expressed gratitude towards Zepto
google_play,"i received wrong and missing products and the customer executive says, we verify everything at our end and the issue is closed without resolving","i received wrong and missing products and the customer executive says, we verify everything at our end and the issue is closed without resolving",NEGATIVE,QUALITY_CONCERN,,Customer received wrong and missing products with no resolution from customer support
google_play,nice service and price,nice service and price,POSITIVE,,,Customer appreciated the service and price of Zepto
google_play,thank you🥰,thank you🥰,POSITIVE,,,Customer expressed gratitude towards Zepto
google_play,"i received wrong and missing products and the customer executive says, we verify everything at our end and the issue is closed without resolving","i received wrong and missing products and the customer executive says, we verify everything at our end and the issue is closed without resolving",NEGATIVE,QUALITY_CONCERN,,Customer received wrong and missing products and had an unsatisfactory experience with customer support.
google_play,nice service and price,nice service and price,POSITIVE,,,Customer appreciated the service and price of Zepto
google_play,thank you🥰,thank you🥰,POSITIVE,,,Customer expressed gratitude towards Zepto
google_play,"i received wrong and missing products and the customer executive says, we verify everything at our end and the issue is closed without resolving","i received wrong and missing products and the customer executive says, we verify everything at our end and the issue is closed without resolving",NEGATIVE,QUALITY_CONCERN,,Customer received wrong and missing products and had an unsatisfactory experience with customer support
google_play,nice service and price,nice service and price,POSITIVE,,,Customer appreciated the service and price of Zepto
google_play,thank you🥰,thank you🥰,POSITIVE,,,Customer expressed gratitude towards Zepto
google_play,"i received wrong and missing products and the customer executive says, we verify everything at our end and the issue is closed without resolving","i received wrong and missing products and the customer executive says, we verify everything at our end and the issue is closed without resolving",NEGATIVE,QUALITY_CONCERN,,Customer received wrong and missing products and had an unsatisfactory experience with customer support.
google_play,very good,very good,POSITIVE,,,Customer had a very good experience with the Zepto App
google_play,super 👍,super 👍,POSITIVE,,,Customer expressed satisfaction with the Zepto App
google_play,don't purchase milk from the app,don't purchase milk from the app,NEGATIVE,QUALITY_CONCERN,,Customer advises against purchasing milk from the app due to quality concerns.
google_play,very good,very good,POSITIVE,,,Customer had a very good experience with the Zepto App
google_play,super 👍,super 👍,POSITIVE,,,Customer expressed satisfaction with the Zepto App
google_play,don't purchase milk from the app,don't purchase milk from the app,NEGATIVE,QUALITY_CONCERN,,Customer advises against purchasing milk from the app due to quality concerns
LinkedIn,"Zepto's rapid delivery speed creates a strict habit loop. Users complete orders for daily bread & milk in 30 seconds, completely bypassing new categories.","Zepto's rapid delivery speed creates a strict habit loop. Users complete orders for daily bread & milk in 30 seconds, completely bypassing new categories.",NEUTRAL,HIDDEN_IN_UI,,Zepto's rapid delivery speed leads to a habit loop where users quickly complete orders for daily essentials without exploring new categories.
MouthShut,Zepto delivers in 10 mins but fruits are sometimes stale. Need a quality guarantee badge before trying organic fruits.,Zepto delivers in 10 mins but fruits are sometimes stale. Need a quality guarantee badge before trying organic fruits.,NEUTRAL,QUALITY_CONCERN,quality guarantee badge for organic fruits,Customer appreciates Zepto's fast delivery but is concerned about the quality of fruits and suggests a quality guarantee badge for organic products.
Product Hunt,Love the UI layout but would love a quick 'Add Trial Pack' button directly on checkout for organic veggies and premium snacks.,Love the UI layout but would love a quick 'Add Trial Pack' button directly on checkout for organic veggies and premium snacks.,NEUTRAL,HIDDEN_IN_UI,Trial pack for organic veggies and premium snacks,Customer suggests adding a quick 'Add Trial Pack' button on checkout for organic veggies and premium snacks
Quora,Why is the organic produce section so hard to find in the Zepto UI? I had to search multiple times to find organic apples. It's hidden in sub-menus.,Why is the organic produce section so hard to find in the Zepto UI? I had to search multiple times to find organic apples. It's hidden in sub-menus.,NEGATIVE,HIDDEN_IN_UI,,Customer had difficulty finding the organic produce section in the Zepto app due to poor UI navigation.
reddit,"I usually order chips and cold drinks from Zepto. Yesterday I tried looking for organic vegetables, but the app keeps recommending me snacks instead. Anyone else feel the discovery for non-snack categories is poor?","I usually order chips and cold drinks from Zepto. Yesterday I tried looking for organic vegetables, but the app keeps recommending me snacks instead. Anyone else feel the discovery for non-snack categories is poor?",NEGATIVE,HIDDEN_IN_UI,organic vegetables,Customer had difficulty finding organic vegetables due to poor search discovery on the Zepto app.
reddit,"Zepto delivery speed is great for emergency snacks, but for monthly household cleaning items, I rarely buy from them because they don't show bundled discounts on the homepage.","Zepto delivery speed is great for emergency snacks, but for monthly household cleaning items, I rarely buy from them because they don't show bundled discounts on the homepage.",NEUTRAL,HIDDEN_IN_UI,,Customer appreciates Zepto's delivery speed but is deterred from buying household items due to lack of visible bundled discounts on the homepage.
reddit,"I usually order chips and cold drinks from Zepto. Yesterday I tried looking for organic vegetables, but the app keeps recommending me snacks instead. Anyone else feel the discovery for non-snack categories is poor?","I usually order chips and cold drinks from Zepto. Yesterday I tried looking for organic vegetables, but the app keeps recommending me snacks instead. Anyone else feel the discovery for non-snack categories is poor?",NEGATIVE,HIDDEN_IN_UI,organic vegetables,Customer had difficulty finding organic vegetables due to poor search discovery on the Zepto app.
reddit,"Zepto delivery speed is great for emergency snacks, but for monthly household cleaning items, I rarely buy from them because they don't show bundled discounts on the homepage.","Zepto delivery speed is great for emergency snacks, but for monthly household cleaning items, I rarely buy from them because they don't show bundled discounts on the homepage.",NEUTRAL,HIDDEN_IN_UI,,Customer appreciates Zepto's delivery speed but is deterred from buying household items due to lack of visible bundled discounts.
reddit,"I usually order chips and cold drinks from Zepto. Yesterday I tried looking for organic vegetables, but the app keeps recommending me snacks instead. Anyone else feel the discovery for non-snack categories is poor?","I usually order chips and cold drinks from Zepto. Yesterday I tried looking for organic vegetables, but the app keeps recommending me snacks instead. Anyone else feel the discovery for non-snack categories is poor?",NEGATIVE,HIDDEN_IN_UI,organic vegetables,Customer had difficulty finding organic vegetables due to poor search discovery on the Zepto app.
reddit,"Zepto delivery speed is great for emergency snacks, but for monthly household cleaning items, I rarely buy from them because they don't show bundled discounts on the homepage.","Zepto delivery speed is great for emergency snacks, but for monthly household cleaning items, I rarely buy from them because they don't show bundled discounts on the homepage.",NEUTRAL,HIDDEN_IN_UI,,Customer appreciates Zepto's delivery speed but is deterred from buying household items due to lack of visible bundled discounts.
reddit,"I usually order chips and cold drinks from Zepto. Yesterday I tried looking for organic vegetables, but the app keeps recommending me snacks instead. Anyone else feel the discovery for non-snack categories is poor?","I usually order chips and cold drinks from Zepto. Yesterday I tried looking for organic vegetables, but the app keeps recommending me snacks instead. Anyone else feel the discovery for non-snack categories is poor?",NEGATIVE,HIDDEN_IN_UI,organic vegetables,Customer had difficulty finding organic vegetables due to poor search discovery on the Zepto app.
reddit,"Zepto delivery speed is great for emergency snacks, but for monthly household cleaning items, I rarely buy from them because they don't show bundled discounts on the homepage.","Zepto delivery speed is great for emergency snacks, but for monthly household cleaning items, I rarely buy from them because they don't show bundled discounts on the homepage.",NEUTRAL,HIDDEN_IN_UI,,Customer appreciates Zepto's delivery speed but is deterred from buying household items due to lack of visible bundled discounts.
twitter_x,"Zepto's 10-minute delivery is fast, but why doesn't the app recommend gourmet coffee when I buy milk every morning? Missed cross-selling opportunity! #ZeptoApp","Zepto's 10-minute delivery is fast, but why doesn't the app recommend gourmet coffee when I buy milk every morning? Missed cross-selling opportunity! #ZeptoApp",NEUTRAL,HIDDEN_IN_UI,Gourmet coffee recommendation,Customer appreciates fast delivery but feels the app misses cross-selling opportunities for related products like gourmet coffee.
twitter_x,"Lately I noticed Zepto added a new bakery section, but it's buried under 3 sub-menus in the app. Had to search manually. Fix your catalog UI! @ZeptoNow","Lately I noticed Zepto added a new bakery section, but it's buried under 3 sub-menus in the app. Had to search manually. Fix your catalog UI! @ZeptoNow",NEGATIVE,HIDDEN_IN_UI,,"Customer is frustrated with the app's catalog UI, having to search manually for the new bakery section buried under sub-menus."
twitter_x,"Zepto's 10-minute delivery is fast, but why doesn't the app recommend gourmet coffee when I buy milk every morning? Missed cross-selling opportunity! #ZeptoApp","Zepto's 10-minute delivery is fast, but why doesn't the app recommend gourmet coffee when I buy milk every morning? Missed cross-selling opportunity! #ZeptoApp",NEUTRAL,HIDDEN_IN_UI,Gourmet coffee recommendation,Customer appreciates fast delivery but feels the app misses cross-selling opportunities for related products like gourmet coffee.
twitter_x,"Lately I noticed Zepto added a new bakery section, but it's buried under 3 sub-menus in the app. Had to search manually. Fix your catalog UI! @ZeptoNow","Lately I noticed Zepto added a new bakery section, but it's buried under 3 sub-menus in the app. Had to search manually. Fix your catalog UI! @ZeptoNow",NEGATIVE,HIDDEN_IN_UI,,"Customer is frustrated with the app's catalog UI, having to manually search for the new bakery section buried under sub-menus."
twitter_x,"Zepto's 10-minute delivery is fast, but why doesn't the app recommend gourmet coffee when I buy milk every morning? Missed cross-selling opportunity! #ZeptoApp","Zepto's 10-minute delivery is fast, but why doesn't the app recommend gourmet coffee when I buy milk every morning? Missed cross-selling opportunity! #ZeptoApp",NEUTRAL,HIDDEN_IN_UI,Gourmet coffee recommendation,Customer appreciates fast delivery but feels the app misses cross-selling opportunities for related products like gourmet coffee.
twitter_x,"Lately I noticed Zepto added a new bakery section, but it's buried under 3 sub-menus in the app. Had to search manually. Fix your catalog UI! @ZeptoNow","Lately I noticed Zepto added a new bakery section, but it's buried under 3 sub-menus in the app. Had to search manually. Fix your catalog UI! @ZeptoNow",POSITIVE,HIDDEN_IN_UI,,"Lately I noticed Zepto added a new bakery section, but it's buried under 3 sub-menus in the app. Had"
Trustpilot,"Great customer service when organic produce freshness was off. Refund was instant, but I still hesitate to try new gourmet food categories.","Great customer service when organic produce freshness was off. Refund was instant, but I still hesitate to try new gourmet food categories.",NEUTRAL,QUALITY_CONCERN,,Customer had an issue with organic produce freshness but received great customer service and an instant refund.
YouTube,"Zepto grocery delivery is super fast, but why is pet food so expensive here compared to my local pet store? I'd rather buy groceries here and buy dog food offline.","Zepto grocery delivery is super fast, but why is pet food so expensive here compared to my local pet store? I'd rather buy groceries here and buy dog food offline.",NEUTRAL,HIGH_PRICE,,Customer appreciates Zepto's fast grocery delivery but finds pet food prices to be higher compared to local stores.
YouTube,"Tested Zepto's Gourmet cheese block. The quality is fine, but they only sell a 500g block. Why can't we get smaller trial sizes for gourmet cheese?","Tested Zepto's Gourmet cheese block. The quality is fine, but they only sell a 500g block. Why can't we get smaller trial sizes for gourmet cheese?",NEUTRAL,PACK_SIZE_TOO_LARGE,smaller trial sizes for gourmet cheese,Customer is satisfied with the quality of Zepto's gourmet cheese but wishes for smaller pack sizes.
zendesk,,"I tried searching for organic apples on the Zepto app, but only standard apples show up. Is there an organic category?",NEUTRAL,LIMITED_VARIETY,Organic apples,Customer unable to find organic apples on the Zepto app
zendesk,,"I wanted to try imported cheese from the gourmet section, but the minimum pack size is 500g which is too big and expensive for trial.",NEGATIVE,PACK_SIZE_TOO_LARGE,smaller pack size for trial,"Customer couldn't buy imported cheese due to large pack size.
"
zendesk,,"I tried searching for organic apples on the Zepto app, but only standard apples show up. Is there an organic category?",NEUTRAL,LIMITED_VARIETY,organic apples,Customer unable to find organic apples on the Zepto app
zendesk,,"I wanted to try imported cheese from the gourmet section, but the minimum pack size is 500g which is too big and expensive for trial.",NEGATIVE,PACK_SIZE_TOO_LARGE,smaller pack size for trial,Customer couldn't buy imported cheese due to large pack size and high price.
zendesk,,"I tried searching for organic apples on the Zepto app, but only standard apples show up. Is there an organic category?",NEUTRAL,LIMITED_VARIETY,organic apples,Customer unable to find organic apples on the Zepto app
zendesk,,"I wanted to try imported cheese from the gourmet section, but the minimum pack size is 500g which is too big and expensive for trial.",NEGATIVE,PACK_SIZE_TOO_LARGE,smaller pack size for trial,"Customer couldn't buy imported cheese due to large pack size and high price.
"
zendesk,,"I tried searching for organic apples on the Zepto app, but only standard apples show up. Is there an organic category?",NEUTRAL,LIMITED_VARIETY,organic apples,Customer unable to find organic apples on the Zepto app
zendesk,,"I wanted to try imported cheese from the gourmet section, but the minimum pack size is 500g which is too big and expensive for trial.",NEGATIVE,PACK_SIZE_TOO_LARGE,smaller pack size for trial,Customer couldn't buy imported cheese due to large pack size and high price.
zendesk,,"I tried searching for organic apples on the Zepto app, but only standard apples show up. Is there an organic category?",NEUTRAL,LIMITED_VARIETY,organic apples,Customer unable to find organic apples on the Zepto app
zendesk,,"I wanted to try imported cheese from the gourmet section, but the minimum pack size is 500g which is too big and expensive for trial.",NEGATIVE,PACK_SIZE_TOO_LARGE,smaller pack size for trial,"Customer couldn't buy imported cheese due to large pack size and high price.
"
zendesk,,"I tried searching for organic apples on the Zepto app, but only standard apples show up. Is there an organic category?",NEUTRAL,LIMITED_VARIETY,organic apples,Customer unable to find organic apples on the Zepto app
zendesk,,"I wanted to try imported cheese from the gourmet section, but the minimum pack size is 500g which is too big and expensive for trial.",NEGATIVE,PACK_SIZE_TOO_LARGE,smaller pack size for trial,Customer couldn't buy imported cheese due to large pack size and high price.
